Id	Hostname	Label	Pagerank
620	archive.thisisyork.co.uk	nonspam	4.041764250359582e-06
873	bbc.co.uk	nonspam	1.5336522934516826e-05
926	beehive.thisisexeter.co.uk	spam	4.16985802389637e-06
1175	books.kelkoo.co.uk	nonspam	6.950085192408536e-05
1195	bossineyfarm.co.uk	nonspam	4.636854619056181e-06
1242	braveheartguesthouse.co.uk	nonspam	3.0853855571236157e-06
1340	buffy.pyriform.co.uk	nonspam	3.7934817997492997e-06
1488	car-insurance.quotezone.co.uk	nonspam	2.753176720707074e-06
1620	cgi.ebay.co.uk	nonspam	2.4044284323005913e-05
1629	cgi07.oneandone.co.uk	spam	6.061102764961825e-06
1917	connect4fun.co.uk	spam	1.1616756661513631e-05
2031	crave.cnet.co.uk	nonspam	4.917730819568841e-06
2176	danishbritta.co.uk	spam	7.571758362558878e-06
2784	everythingelse.ebay.co.uk	nonspam	1.0031761962603672e-05
3014	forum.digitalspy.co.uk	nonspam	3.4372696077729426e-06
3432	harrypotter.warnerbros.co.uk	nonspam	3.1259701617092346e-05
3454	health.ratzrus.co.uk	nonspam	2.9490898546384758e-06
3663	hosting3.123-reg.co.uk	spam	5.0474173948732956e-06
4076	jobs.thisistotalessex.co.uk	nonspam	4.910055261685367e-06
4520	localrider.co.uk	nonspam	3.0428808942910275e-06
4988	mqdirect.mapquest.co.uk	nonspam	1.9562797972314884e-05
5056	mysite.wanadoo-members.co.uk	nonspam	0.00045848917724008694
5188	newsweaver.co.uk	nonspam	4.041114179689809e-06
5343	ojp.nationalrail.co.uk	nonspam	1.3418882762899606e-05
5492	parking-sensors-direct.co.uk	spam	2.865615902865617e-06
5619	phones4uk.co.uk	spam	4.503764350968189e-06
5627	photos.lois.co.uk	nonspam	4.092187673534425e-06
5743	pottery.ebay.co.uk	nonspam	1.272396200984632e-05
6232	sbengineeringltd.co.uk	nonspam	5.098679968640709e-06
6284	scrapbookingcastle.co.uk	spam	5.028776544975097e-06
6554	smldesign.co.uk	nonspam	2.865832242829267e-06
6588	software-support.gbdirect.co.uk	nonspam	3.390879222164268e-06
7457	users.whsmithnet.co.uk	nonspam	3.2499505787950034e-06
7917	women.aol.co.uk	nonspam	1.1587048362919937e-05
8270	www.192directory.co.uk	spam	6.873304425924825e-06
8379	www.1stchoiceofficefurniture.co.uk	nonspam	7.950340917077007e-06
8511	www.24-7mobileaccessories.co.uk	nonspam	3.249853663853402e-06
8670	www.3443.co.uk	nonspam	8.367950378081708e-06
8919	www.50connect.co.uk	nonspam	7.5090169401109305e-06
9157	www.a1k9.co.uk	nonspam	2.8404512876489943e-06
9228	www.aabc-register.co.uk	nonspam	3.092829277722142e-06
9420	www.abbeyales.co.uk	nonspam	3.6304156267896115e-06
9439	www.abbeydalepark.co.uk	nonspam	2.800102515521239e-06
9511	www.abbotsbrae.co.uk	nonspam	3.0358447599163224e-06
9958	www.abuselaw.co.uk	nonspam	5.5962462023528735e-06
9987	www.academy-events.co.uk	nonspam	8.717583766108754e-06
10056	www.accepted.co.uk	nonspam	1.245112567885441e-05
10119	www.accidentclaimsdirect.co.uk	nonspam	2.9111619148003986e-06
10278	www.acer.co.uk	nonspam	1.5272093370428785e-05
10357	www.aclabs.fsnet.co.uk	nonspam	3.7934817997492997e-06
10485	www.acquisitions.co.uk	nonspam	3.0441294873724287e-06
10509	www.acsedu.co.uk	nonspam	3.749140191759687e-06
10949	www.admain.co.uk	nonspam	6.786183089269864e-06
10973	www.admiraltyguesthouse.co.uk	nonspam	3.951320254641458e-06
10995	www.adoniscabaret.co.uk	nonspam	1.0013171228192273e-05
11049	www.adriennechinn.co.uk	nonspam	8.898055830961204e-06
11268	www.aecsociety.co.uk	nonspam	4.273727800072331e-06
11281	www.aeglive.co.uk	nonspam	1.1420541122055294e-05
11331	www.aeroflot.co.uk	nonspam	2.7766364329989816e-06
11531	www.aganto.co.uk	nonspam	4.7161107328331975e-06
11546	www.age-net.co.uk	nonspam	7.897643307614e-06
11632	www.agricentre.co.uk	nonspam	3.4343177122271736e-06
11640	www.agrisellex.co.uk	nonspam	3.198977032459748e-06
11852	www.aircraftsoftware.co.uk	nonspam	3.6406735750931526e-06
11987	www.airtours.co.uk	nonspam	6.318781406530526e-06
12210	www.alarisavenue.co.uk	nonspam	5.67725009789507e-06
12372	www.aldhammillequestrian.co.uk	nonspam	3.047536405998344e-06
12532	www.algolonline.co.uk	nonspam	1.6674944278784915e-05
12592	www.alive.co.uk	nonspam	5.9860391976310435e-06
12615	www.all-carpet.co.uk	nonspam	9.679653582993795e-06
12780	www.alliance-leicester.co.uk	nonspam	2.7491280318693237e-05
13008	www.alpacacompany.co.uk	nonspam	2.891326343797689e-06
13049	www.alphamountaineering.co.uk	nonspam	6.513154152503317e-06
13273	www.alz.co.uk	nonspam	8.65404218101539e-06
13500	www.americanpool-network.co.uk	nonspam	4.24350029904535e-06
13566	www.amlanesolutions.co.uk	nonspam	8.732232592957527e-06
13612	www.ampersandcards.co.uk	nonspam	8.743277034531958e-06
13617	www.amphenol.co.uk	nonspam	1.2209795832507644e-05
13744	www.anaudio.co.uk	nonspam	6.272638605051865e-06
13802	www.ancientcivilizations.co.uk	nonspam	2.9682129295326478e-06
14093	www.angelsordevils.co.uk	nonspam	2.9987244459548232e-06
14113	www.anglerscircle.co.uk	nonspam	2.8812088577983394e-06
14179	www.anglingintayside.co.uk	nonspam	3.618506937825045e-06
14250	www.animalplanet.co.uk	nonspam	7.954495293432882e-06
14255	www.animalsculpture.co.uk	nonspam	2.9946895836895385e-06
14291	www.ankerandpartners.co.uk	nonspam	2.7970557805085797e-06
14406	www.anorak.co.uk	nonspam	3.3162030898841146e-06
14710	www.apeks.co.uk	nonspam	1.0355213096571684e-05
14839	www.apperleydesign.co.uk	nonspam	1.3450216801163624e-05
15117	www.arabtrans.co.uk	spam	3.776967705643256e-06
15121	www.aramis-escorts.co.uk	spam	3.7445052448870462e-06
15244	www.archibaldphotography.co.uk	nonspam	5.0930422863339864e-06
15423	www.areyou-experienced.co.uk	nonspam	4.3710007000327325e-06
15498	www.arion.co.uk	nonspam	3.0935214233286153e-06
15677	www.around.co.uk	nonspam	5.208943687031143e-06
15715	www.arriva.co.uk	nonspam	7.117823402608162e-05
15921	www.artinthepark.co.uk	nonspam	3.0407236654069016e-06
15971	www.artography.co.uk	nonspam	4.845682884952617e-06
15975	www.artonwheels.co.uk	nonspam	5.620042918293577e-06
15984	www.artresources.co.uk	nonspam	6.72856614949052e-06
16004	www.arts4cardiff.co.uk	spam	3.129442594840888e-06
16329	www.ashleyescort.co.uk	nonspam	3.5052229627314265e-06
16514	www.aspectdisplays.co.uk	nonspam	3.825402478092217e-06
16688	www.astonsciencepark.co.uk	nonspam	4.8675855143702825e-06
16699	www.astortheatre.co.uk	nonspam	3.383305446696334e-06
16824	www.ateonline.co.uk	nonspam	5.503599377769695e-06
16955	www.atouchofclassescorts.co.uk	nonspam	3.369743798651111e-06
16957	www.atouchofmagic.co.uk	nonspam	3.267217666786886e-06
17192	www.austinbanks.co.uk	nonspam	4.601078951495576e-06
17240	www.auto-europe.co.uk	nonspam	6.159226214945014e-06
17246	www.auto-paint.co.uk	nonspam	4.270377831668072e-06
17465	www.avena.co.uk	nonspam	2.9224947202657073e-06
17785	www.ayr-web.co.uk	nonspam	3.0754605037351026e-06
17831	www.aztecvehiclesolutions.co.uk	nonspam	2.9161249171668557e-06
17893	www.baa.co.uk	nonspam	0.00014706267843633643
17948	www.baby-toys.co.uk	nonspam	4.519673634003635e-06
17980	www.babylicious.co.uk	nonspam	5.850674388170014e-06
18082	www.bad-credit-loan.benidorm.co.uk	spam	2.771827539330903e-06
18170	www.baga.co.uk	nonspam	1.0185185049024181e-05
18258	www.bakers.co.uk	nonspam	4.528214603278845e-06
18516	www.bandce.co.uk	nonspam	8.749149445051229e-06
18543	www.bang-on.co.uk	nonspam	1.5740502410848024e-05
18577	www.bankofscotlandprivateclients.co.uk	nonspam	3.160267085538627e-06
18913	www.barnsleychamber.co.uk	nonspam	9.526495563005077e-06
19045	www.barrywales.co.uk	nonspam	3.2350676528481135e-06
19556	www.bbpcs.co.uk	nonspam	2.8446036786518133e-06
19577	www.bbwear.co.uk	nonspam	4.5783446013541345e-06
19614	www.bcentral.co.uk	nonspam	1.7986610142968935e-05
19670	www.bcsa.co.uk	nonspam	6.512347807167015e-06
19768	www.beachbeatsurfboards.co.uk	nonspam	3.171153236431973e-06
19812	www.beaconhill.co.uk	nonspam	7.212025332172111e-06
20115	www.bedesworld.co.uk	nonspam	9.161052888334358e-06
20238	www.beechesnursery.co.uk	nonspam	3.0664660831067893e-06
20251	www.beechwood-hotel.co.uk	nonspam	2.727005405109368e-06
20543	www.belsydehouse.co.uk	nonspam	2.845656521633168e-06
20581	www.benandjoebroughton.co.uk	nonspam	2.9921997511661933e-06
20814	www.bernina.co.uk	nonspam	3.941827798463313e-06
20833	www.berrynarborpark.co.uk	nonspam	5.614648448567309e-06
20834	www.berryscoaches.co.uk	nonspam	4.978580168275121e-06
20930	www.bestfootfwd.co.uk	nonspam	4.565162636967504e-06
20937	www.bestintent.co.uk	nonspam	4.106813851810058e-06
20952	www.bestoptics.co.uk	spam	3.1624884887595962e-06
21049	www.beulnamara.co.uk	nonspam	4.641594770061344e-06
21478	www.bigleader.co.uk	nonspam	3.236858848446046e-06
21550	www.bikefix.co.uk	nonspam	2.8950136575277207e-06
21554	www.bikehq.co.uk	nonspam	4.040755415041899e-06
21556	www.bikeline.co.uk	nonspam	5.102844043406669e-06
21625	www.biketrail.co.uk	nonspam	2.7396169810860938e-06
21762	www.bioapproaches.co.uk	nonspam	3.5492312171449916e-06
21850	www.bircham-arts.co.uk	nonspam	3.085680249948445e-05
21894	www.birdfood.co.uk	nonspam	1.2712594024864352e-05
22313	www.blackgates.co.uk	nonspam	5.527132851841824e-06
22316	www.blackheath.co.uk	nonspam	3.5932016657581226e-06
22803	www.bluefolds.co.uk	nonspam	3.3018752623032877e-06
22895	www.blueskyhypnotherapy.co.uk	nonspam	3.403957877731066e-06
22909	www.bluespot.co.uk	nonspam	4.134047616321284e-06
23048	www.bmti.co.uk	nonspam	4.603895454259387e-06
23126	www.boathousecottage.co.uk	nonspam	2.7228250726499435e-06
23136	www.boatmart.co.uk	nonspam	3.0481495843643834e-06
23461	www.boogaloo.co.uk	nonspam	6.1948660259049095e-06
23472	www.book.bradworthy.co.uk	nonspam	1.0575800001227987e-05
23549	www.boostlpg.co.uk	nonspam	8.901643916423054e-06
23713	www.bostonhouse.co.uk	nonspam	8.23322508840301e-06
23738	www.botham.co.uk	nonspam	1.1486597752091717e-05
23852	www.bournevalley-gardencentre.co.uk	nonspam	3.2204556403285107e-06
23872	www.bovishomes.co.uk	nonspam	4.267851215322029e-06
23967	www.boxofjewels.co.uk	nonspam	1.5539325760528593e-05
24007	www.boysbrigadeforums.co.uk	nonspam	6.866039031190779e-06
24189	www.bradwellmill.co.uk	nonspam	4.457882647888396e-06
24247	www.brakeparts.co.uk	nonspam	1.6628211956035508e-05
24309	www.branchfm.co.uk	nonspam	2.797527424996406e-06
24338	www.brandontoolhire.co.uk	nonspam	4.6606941081744984e-06
24356	www.branscombehouse.co.uk	nonspam	9.021028550769014e-06
24388	www.brasted.co.uk	nonspam	6.361550987735517e-06
24441	www.bre.co.uk	nonspam	0.0001296113577857972
24442	www.breacais.demon.co.uk	nonspam	5.078179476512883e-06
24485	www.brecertification.co.uk	nonspam	2.6647887087830175e-05
24545	www.brendonvalley.co.uk	nonspam	5.18439083039236e-06
24750	www.bridge-travel.co.uk	spam	3.7890191670350606e-06
24775	www.bridgeman.co.uk	nonspam	1.2939300355239392e-05
24855	www.brigantia.co.uk	nonspam	3.679664976011816e-06
24869	www.brighousebay-golfclub.co.uk	nonspam	3.5112021068864803e-06
24926	www.brightoncentre.co.uk	nonspam	9.828002802950578e-06
24996	www.brilliantgirls.co.uk	nonspam	4.296993759585519e-06
25024	www.brintons.co.uk	nonspam	3.0537704579219515e-06
25135	www.bristolrowing.co.uk	nonspam	3.957937688185771e-06
25168	www.brita.co.uk	nonspam	2.780115237240276e-06
25279	www.britishdoulas.co.uk	nonspam	3.6032553572047215e-06
25397	www.brittanyguesthouse.co.uk	nonspam	6.84345312253256e-06
25421	www.brixtoncycles.co.uk	nonspam	3.870406023202992e-06
25679	www.brookmyre.co.uk	nonspam	3.0240918312312714e-06
26028	www.btc-nw.co.uk	nonspam	3.89267916366727e-06
26069	www.bttg.co.uk	nonspam	6.27918744582774e-06
26161	www.bucksfizzearlyyears.co.uk	nonspam	4.777102868626313e-06
26163	www.bucksfootball.co.uk	nonspam	2.949842723599941e-06
26224	www.bufca.co.uk	nonspam	4.328141137839658e-06
26337	www.bullen.demon.co.uk	nonspam	3.151732557717738e-06
26389	www.bunkhouse-brecon-beacons-wales.co.uk	nonspam	4.762988762057098e-06
26512	www.burnhow.co.uk	nonspam	3.5053974923287607e-06
26719	www.businessinfocus.co.uk	nonspam	4.860626621273166e-06
26749	www.businesswebsitetemplates.co.uk	nonspam	8.752155293258865e-06
26836	www.buxtonfestival.co.uk	nonspam	7.834774166980798e-06
26905	www.buzzrail.co.uk	nonspam	5.787001951019148e-06
27375	www.caldbeckvillage.co.uk	nonspam	3.409208812438733e-06
27472	www.callingtouches.co.uk	nonspam	2.8258657206441792e-06
27684	www.cambs-police.co.uk	nonspam	6.219913567984016e-06
27956	www.candles-by-lisa.co.uk	nonspam	3.305326368011342e-06
27990	www.canford.co.uk	nonspam	1.1086416210120397e-05
28033	www.cannoncroft.fsbusiness.co.uk	nonspam	3.209967169313799e-06
28046	www.cannybevvy.co.uk	nonspam	5.034148525822666e-06
28073	www.cantatemusic.co.uk	nonspam	3.48043226854367e-06
28275	www.car-insurance-first.co.uk	spam	3.0882900714117027e-06
28320	www.caravancampingsites.co.uk	nonspam	7.488760252265694e-06
28414	www.cardmine.co.uk	nonspam	4.581243730055271e-06
28441	www.care-tec.co.uk	spam	2.729385960854765e-06
28681	www.carnegieclub.co.uk	nonspam	4.990059859719283e-06
28733	www.carolinezcraftz.co.uk	nonspam	3.417601595583803e-06
28836	www.carrosserie.co.uk	nonspam	3.1368178981563374e-06
28862	www.carsforstars-portsmouth.co.uk	nonspam	3.3943821441216607e-06
28903	www.cartersvineyards.co.uk	nonspam	2.9493788013385995e-06
29013	www.cashforcans.co.uk	nonspam	3.3912114741865723e-06
29054	www.cassoa.co.uk	nonspam	6.21772816735093e-06
29132	www.castlefordchurches.co.uk	nonspam	2.8749258464041433e-06
29136	www.castlegallery.co.uk	nonspam	3.3805416572424707e-06
29180	www.castles-abbeys.co.uk	nonspam	8.186150183315827e-06
29388	www.catsnkittens.co.uk	nonspam	3.785273318823716e-06
29522	www.cbonline.co.uk	nonspam	2.2831125634843314e-05
29697	www.cd-ironworkers.co.uk	nonspam	2.8189380434194095e-06
29756	www.cds.co.uk	nonspam	4.187082069196733e-06
29766	www.cdtimes.co.uk	nonspam	3.3944988430154876e-06
29812	www.ceebd.co.uk	nonspam	3.30714797388996e-06
29903	www.celtic-knitwear.co.uk	nonspam	2.874850373672869e-06
29983	www.centerprise.co.uk	nonspam	1.3716327720765952e-05
30222	www.cfes.co.uk	spam	2.7101087747679255e-06
30242	www.cfps.co.uk	nonspam	9.412959329844935e-06
30269	www.cgce.co.uk	nonspam	3.2494341335210767e-06
30681	www.charlotte-escort.co.uk	nonspam	2.8885636987477903e-06
30746	www.chaseavdirect.co.uk	nonspam	2.703183491550941e-06
30778	www.chatham-marine.co.uk	nonspam	4.56954622627122e-06
30814	www.chbookshop.co.uk	nonspam	1.0279203362732672e-05
30913	www.cheeky-cherub.co.uk	nonspam	3.2203421136089922e-06
30976	www.chelsea-pensioners.co.uk	nonspam	5.129940901601168e-06
30988	www.chelseaphysicgarden.co.uk	nonspam	1.2120772494470299e-05
31704	www.choicedentalimplants.co.uk	nonspam	3.3015144672311127e-06
31738	www.chordelectronics.co.uk	nonspam	3.3015798994931543e-06
31781	www.chrisachilleos.co.uk	nonspam	1.7058919670131958e-05
31900	www.christianitymagazine.co.uk	nonspam	3.858735555214544e-06
32037	www.church.co.uk	nonspam	4.108265138867708e-06
32063	www.churchfootball.co.uk	nonspam	6.443898767100464e-06
32212	www.cimtech.co.uk	nonspam	1.4550742201208576e-05
32238	www.cineworld.co.uk	nonspam	4.051775960842827e-05
32452	www.citylegal.co.uk	nonspam	9.095593988752526e-06
32480	www.citypublife.co.uk	nonspam	6.393561894753065e-06
32541	www.cjcaravans.co.uk	nonspam	5.179826749354338e-06
32656	www.clanvillemanor.co.uk	nonspam	3.4165910610838572e-06
32841	www.classiccarshow.co.uk	nonspam	4.9876374131930545e-06
32862	www.classicjaguarhire.co.uk	spam	4.803354887736899e-06
33050	www.cleese-farm.co.uk	nonspam	2.871983901901857e-06
33072	www.clementwg.co.uk	nonspam	2.7494086551214646e-06
33241	www.clinical-depression.co.uk	nonspam	1.0981174051696103e-05
33296	www.clivewakfer-cartoonist-illustrator.co.uk	nonspam	4.06769942941854e-06
33346	www.closetreasury.co.uk	nonspam	2.8639356336959034e-06
33488	www.clwyd-theatr-cymru.co.uk	nonspam	1.0324458649173335e-05
33504	www.clydemuirshiel.co.uk	nonspam	3.888848031074166e-06
33765	www.cobbecollection.co.uk	nonspam	4.562338696060417e-06
34062	www.colfinsmokehouse.co.uk	nonspam	5.4790185420384e-06
34073	www.colinblunstone.co.uk	nonspam	3.970518788701397e-06
34141	www.collidgeandpartners.co.uk	nonspam	3.447697017695417e-06
34187	www.colombart.co.uk	nonspam	2.9449360727940243e-06
34212	www.colourfulmusic.co.uk	nonspam	5.257266940520398e-06
34254	www.columbiapics.co.uk	nonspam	2.7740929861131573e-06
34345	www.comlinkentertainments.co.uk	nonspam	4.992765857008412e-06
34498	www.compass-fs.co.uk	nonspam	2.7967747127473217e-06
34635	www.computerarts.co.uk	spam	1.318749205016112e-05
34777	www.conferencenorfolk.co.uk	nonspam	5.122690252169878e-06
34901	www.conocophillips.co.uk	nonspam	3.968003416170549e-06
34928	www.conservatory-advice.co.uk	nonspam	9.047942713635973e-06
35066	www.contractshop.co.uk	spam	5.350229387148321e-06
35169	www.cool-toys.co.uk	nonspam	3.3694573008382384e-06
35309	www.copycatweb.co.uk	nonspam	5.8236543564764745e-06
35320	www.copyrightservice.co.uk	nonspam	1.0327128422354674e-05
35470	www.cornishorchards.co.uk	nonspam	3.203975296579825e-06
35781	www.cotswoldholidays.co.uk	nonspam	3.5168267681721692e-06
35845	www.cotterillfarm.co.uk	nonspam	2.9744883522327475e-06
35860	www.cottontimes.co.uk	nonspam	3.7962183248193334e-06
35974	www.countrymanmagazine.co.uk	nonspam	4.693225082230594e-06
36012	www.countrywidefarmers.co.uk	nonspam	7.372708999430417e-06
36101	www.courtyardgallery.co.uk	nonspam	4.076711488218788e-06
36235	www.coxsarchitectural.co.uk	nonspam	4.1350802614329235e-06
36373	www.craftathome.co.uk	nonspam	3.4316280058665725e-06
36476	www.cranbrookschool.co.uk	nonspam	4.534204747381035e-06
36597	www.crea.co.uk	nonspam	1.0485580492801607e-05
36746	www.creditcards247.co.uk	spam	3.174216587812836e-06
36760	www.creditsearcher.co.uk	nonspam	5.692813953203717e-06
36996	www.crombie.co.uk	nonspam	6.026672159464835e-06
37082	www.crossrail.co.uk	nonspam	1.3956193426125589e-05
37201	www.croydeunison.co.uk	nonspam	3.730013917287696e-06
37325	www.crystalholidays.co.uk	nonspam	1.3572348622506494e-05
37638	www.cul.co.uk	nonspam	4.2337236297531765e-06
37724	www.cumbrian-cottages.co.uk	nonspam	1.1117699093649195e-05
37815	www.curtisbrown.co.uk	nonspam	4.99974146657823e-06
37850	www.custom-transformers.co.uk	nonspam	2.8008002973975804e-06
37873	www.custompc.co.uk	nonspam	4.589109110048982e-06
38138	www.cyclingengland.co.uk	nonspam	1.3304363948909496e-05
38187	www.cynosure-publications.co.uk	nonspam	6.059600975024255e-06
38233	www.d-on.co.uk	nonspam	2.998222331748613e-06
38500	www.dancebooks.co.uk	nonspam	6.9391246054884885e-06
38571	www.danevalleydollshouses.co.uk	nonspam	5.157505437509037e-06
38662	www.daretoblossom.co.uk	nonspam	4.080056062986253e-06
38733	www.dartford-firemen.fsnet.co.uk	nonspam	4.235146448215346e-06
38853	www.datadrum.co.uk	nonspam	3.1612668059486895e-06
38891	www.datasouth.co.uk	nonspam	5.9905425865751846e-05
38930	www.davaardufftown.co.uk	nonspam	2.866457036527456e-06
38998	www.david-archer-maps.co.uk	nonspam	5.244916661638098e-06
39024	www.davida.co.uk	nonspam	3.322778522792111e-06
39087	www.davidgwilymanthony.co.uk	nonspam	3.763908153558396e-06
39124	www.davidmclean.co.uk	nonspam	4.3759714721652925e-06
39153	www.davidsemporium.co.uk	nonspam	3.7768248488537494e-06
39425	www.dcservices.co.uk	nonspam	4.277756836844647e-06
39468	www.deadbrain.co.uk	nonspam	6.1958302961939416e-06
39490	www.deafconnections.co.uk	nonspam	4.8698148626439605e-06
39558	www.debbiewinters.co.uk	nonspam	3.1551897741935685e-06
39611	www.decanimusic.co.uk	nonspam	3.411710667456718e-06
39683	www.deeestuary.co.uk	nonspam	5.081627316992705e-06
39684	www.deejay-business-relocations.co.uk	nonspam	2.795360128218365e-06
39703	www.deepdalehall.co.uk	nonspam	3.1119769323721276e-06
39727	www.deeprose.co.uk	nonspam	2.8169894698680797e-06
39798	www.delacyexecutive.co.uk	nonspam	3.397727649091002e-06
39963	www.denhambroadband.co.uk	nonspam	3.7001716927337473e-06
40089	www.derbyshire-fire-service.co.uk	nonspam	3.960638713063529e-06
40094	www.derbyshire-peakdistrict.co.uk	nonspam	9.128637396939338e-06
40378	www.develop-solutions.co.uk	nonspam	3.2954993148701306e-06
40432	www.devon-cornwall-property-developers.co.uk	nonspam	5.136221866155959e-06
40639	www.dhunns.freeserve.co.uk	nonspam	2.884051935664304e-06
40763	www.didadesign.co.uk	nonspam	3.622895398617788e-06
40876	www.digitalphotoevents.co.uk	nonspam	2.8240023416440105e-06
41046	www.directmail.findlay.co.uk	nonspam	3.473441698943316e-06
41085	www.dirty-little-secrets.co.uk	spam	3.409449368890053e-06
41261	www.disstoday.co.uk	nonspam	8.462017587022875e-06
41321	www.diveshows.co.uk	nonspam	5.287710431892021e-06
41899	www.dooyoo.co.uk	spam	6.197113487176713e-06
42183	www.downloadcontrol.co.uk	nonspam	6.053485237084081e-06
42214	www.dp-smart.co.uk	nonspam	3.128124840664612e-06
42422	www.dreamseekers.co.uk	nonspam	2.736929098262838e-06
42549	www.drobe.co.uk	nonspam	7.337719258393288e-06
42645	www.dryburgh.co.uk	nonspam	5.2804561104473765e-06
42867	www.dumaurierfestival.co.uk	nonspam	6.352711974349738e-06
42938	www.dunfermline-half.co.uk	nonspam	3.2915552458182704e-06
42963	www.dunloptyres.co.uk	nonspam	2.4735267646888975e-05
43096	www.dvdbulletin.co.uk	spam	3.1564467920249823e-06
43112	www.dvipartnership.co.uk	nonspam	5.754343625674196e-06
43246	www.e-asybudget.co.uk	nonspam	6.017572495432764e-06
43263	www.e-crm.co.uk	spam	4.971065545763193e-06
43363	www.eadt.co.uk	nonspam	1.155559874904081e-05
43766	www.eastwoodtoday.co.uk	spam	8.890281575010264e-06
43808	www.easylinkuk.co.uk	nonspam	3.084087008551524e-06
43843	www.eatingpubs.co.uk	spam	3.3612913088245456e-06
44102	www.ecopod.co.uk	nonspam	3.1743011056929275e-06
44122	www.ecoventures.co.uk	nonspam	5.476173070084851e-06
44211	www.edencamp.co.uk	nonspam	2.1280587150005837e-05
44253	www.edgeawards.co.uk	nonspam	4.061869795101972e-06
44562	www.effective-fitness.co.uk	nonspam	4.563172649925264e-06
44682	www.eiger.co.uk	nonspam	1.294163748052856e-05
44720	www.eiris.co.uk	nonspam	3.1411846278517686e-06
44907	www.electromarinenorth.co.uk	nonspam	4.995192739673432e-06
44931	www.electrum.co.uk	nonspam	2.8332186726324374e-06
44980	www.eley.co.uk	nonspam	2.8403715862910668e-06
45169	www.elonex.co.uk	nonspam	3.5977734448934625e-06
45171	www.eloquenceescorts.co.uk	spam	3.006421329659917e-06
45235	www.elyfolk.co.uk	nonspam	5.1424103787224685e-06
45280	www.embassyofmongolia.co.uk	nonspam	3.438986882564385e-06
45517	www.encounter.co.uk	nonspam	3.9029430124136275e-06
45715	www.englishcharcoal.co.uk	nonspam	3.2748475710511704e-06
45727	www.englishgardeningschool.co.uk	nonspam	3.717001039516736e-06
45932	www.eostreorganics.co.uk	nonspam	4.88840306688935e-06
46087	www.equipment-finance-and-leasing.co.uk	nonspam	9.5986072387609e-06
46104	www.equityoriel.co.uk	nonspam	6.615807115374959e-06
46253	www.escapeholidays.co.uk	nonspam	2.747789358590929e-06
46292	www.escortforyou.co.uk	spam	3.869482455537439e-06
46303	www.escortnet.co.uk	spam	4.340748677311768e-05
46366	www.eshop600.co.uk	spam	4.178863930283199e-06
46666	www.etrade.co.uk	nonspam	4.5918903566740605e-06
46670	www.etruck.co.uk	nonspam	2.320297551270227e-05
46737	www.eurocamp.co.uk	nonspam	4.526531588201898e-06
46774	www.eurolines.co.uk	nonspam	6.778306057124275e-06
46876	www.evaninsurance.co.uk	nonspam	2.1773057321738857e-05
46967	www.everybody.co.uk	nonspam	5.365540475462518e-06
47024	www.evolutionarts.co.uk	nonspam	4.162764773084822e-06
47150	www.exclusivestationery.co.uk	nonspam	2.8993715759209684e-06
47194	www.exeter-holiday-homes.co.uk	nonspam	3.835140399542506e-06
47347	www.expertwitness.co.uk	nonspam	2.7049822416398e-06
47541	www.f-kspc.co.uk	nonspam	2.961711647819982e-06
47626	www.facepaintingdesigns.co.uk	nonspam	8.24571116925555e-06
47753	www.fairview-hawes.co.uk	nonspam	1.1067120267069926e-05
47906	www.famoushartlepoolanglingcharters.connectfree.co.uk	nonspam	3.978541582224965e-06
48012	www.farmdirectonline.co.uk	nonspam	3.6848919326442643e-06
48060	www.farncombeestate.co.uk	nonspam	2.0458596364788183e-05
48226	www.favourboxes.co.uk	nonspam	3.866424835815064e-06
48243	www.faysampson.co.uk	nonspam	3.3048202705559274e-06
48315	www.fdws.co.uk	nonspam	8.513629421780622e-06
48548	www.ferryoffers.co.uk	nonspam	2.8611177998494397e-06
48588	www.ffield.co.uk	nonspam	2.9400922371061795e-06
48594	www.ffoc.co.uk	spam	4.104512817678787e-06
48627	www.fhinds.co.uk	nonspam	2.9958209007949076e-06
48645	www.fiawol.demon.co.uk	nonspam	3.7795793026908908e-06
48755	www.filbertsplosh.co.uk	nonspam	3.807710652755118e-06
48802	www.filmunlimited.co.uk	nonspam	4.626101928370403e-06
48842	www.financelink.co.uk	spam	3.6058443907488073e-06
49022	www.fire-engine-limos.co.uk	nonspam	3.571582395125967e-06
49162	www.firsteleven.co.uk	nonspam	3.987945890031915e-06
49196	www.firstnorthwestern.co.uk	nonspam	1.0067437904461399e-05
49267	www.fishing-shooting-scotland.co.uk	nonspam	4.731813245221683e-06
49269	www.fishing-shop.co.uk	nonspam	3.175016267739068e-06
49630	www.floorheatingsystems.co.uk	nonspam	2.793724276544425e-06
49759	www.fluidata.co.uk	nonspam	2.8172677409055e-06
49806	www.flyingsites.co.uk	nonspam	6.199325825486149e-06
49996	www.foodanddrinkexpo.co.uk	nonspam	4.346608491190975e-06
50035	www.fool.co.uk	nonspam	4.3398068540518855e-05
50306	www.forsaith-oxon.demon.co.uk	nonspam	4.162131253593376e-06
50624	www.franklins-sols.co.uk	nonspam	2.8094285989992506e-06
50671	www.frcc.co.uk	nonspam	4.329056127612543e-06
50755	www.freedomholidayhomes.co.uk	nonspam	4.520810988386621e-06
50790	www.freelollies.co.uk	nonspam	9.975795107722594e-06
50835	www.freestuffjunction.co.uk	spam	6.7995996363110475e-06
50841	www.freethcartwright.co.uk	nonspam	4.38736143968258e-06
51006	www.friendsreunited.co.uk	nonspam	7.565606696519865e-05
51033	www.fromeast.co.uk	nonspam	2.858158120775711e-06
51054	www.frontier-ski.co.uk	nonspam	3.4899820132705977e-06
51208	www.fujitsu.co.uk	nonspam	5.0345328217821055e-06
51364	www.furnessbs.co.uk	nonspam	7.290441263792546e-06
51376	www.furniture-value.co.uk	nonspam	3.0594246227262524e-06
51392	www.furnituremad.co.uk	nonspam	5.23331834124998e-06
51552	www.g-l.co.uk	nonspam	5.380497740343992e-06
51708	www.galaxystudios.co.uk	nonspam	3.623430360395739e-06
51934	www.gardenlifestyles.co.uk	nonspam	5.011922396608831e-06
51960	www.gardenshopdirect.co.uk	nonspam	2.896421262859798e-06
52026	www.garsons.co.uk	nonspam	3.890950919603025e-06
52213	www.gaytimes.co.uk	nonspam	1.6099735096181526e-05
52414	www.gemini-crinan.co.uk	nonspam	5.8760705304808165e-06
52491	www.genetix.co.uk	nonspam	2.7693262149660647e-06
52597	www.geordie-girls.co.uk	spam	1.3643456081276232e-05
52663	www.geplus.co.uk	nonspam	3.502062619340442e-06
52755	www.getonit.co.uk	nonspam	1.1044890157458833e-05
52967	www.gilbertj36.freeserve.co.uk	nonspam	3.6381718725437797e-06
53036	www.gingerbeer.co.uk	nonspam	1.2638799233096336e-05
53102	www.giveusahome.co.uk	nonspam	9.34462845421826e-06
53153	www.glamorganantiques.co.uk	nonspam	6.291337222706421e-06
53154	www.glamorous-escorts.co.uk	spam	3.979285480536854e-06
53248	www.glassforever.co.uk	nonspam	9.272924910794858e-06
53261	www.glastonburyfestivals.co.uk	nonspam	2.973153122504818e-05
53302	www.glenaldorhouse.co.uk	nonspam	3.089064332909077e-06
53337	www.glendalekeswick.co.uk	nonspam	4.2425321641402795e-06
53406	www.glentanar.co.uk	nonspam	6.089624781668127e-06
53407	www.glenthorne-holidays.co.uk	nonspam	3.4583523144611284e-06
53462	www.globalconnections.co.uk	nonspam	1.1219543921620552e-05
53501	www.globalsnookercentre.co.uk	nonspam	6.473164014407014e-06
53515	www.globeco.co.uk	nonspam	3.1417503649056236e-06
53588	www.gloucestershirepubs.co.uk	nonspam	3.2507581546706526e-06
53609	www.glucosamineforyou.co.uk	spam	5.2714650911355e-06
53705	www.gner.co.uk	nonspam	8.478680627145056e-05
53937	www.golfballmuseum.co.uk	nonspam	3.91830954625749e-06
54087	www.gordon-c-harrison.co.uk	nonspam	1.5449626583262123e-05
54097	www.gordonlamb.co.uk	nonspam	3.048997544459676e-06
54116	www.gorgeousskin.co.uk	spam	2.9341062069862422e-06
54201	www.governor.co.uk	spam	2.7004980020359146e-06
54297	www.graduatecareers.hobsons.co.uk	nonspam	4.8530218395401776e-06
54309	www.grafham-water-centre.co.uk	nonspam	4.792697326482582e-06
54406	www.grandtheatre.co.uk	nonspam	4.496593342346659e-06
54510	www.grasshopper-hosting.co.uk	nonspam	3.735071062446628e-06
54640	www.greatlittletrainsofwales.co.uk	nonspam	1.0577918625673274e-05
54646	www.greatnorthforest.co.uk	nonspam	9.144913272284037e-06
54737	www.greendragonenergy.co.uk	nonspam	3.900058869434231e-06
54904	www.greenwood-centre.co.uk	nonspam	4.3708431462122065e-06
54950	www.grendonstar.co.uk	nonspam	4.0011500528622715e-06
55004	www.greystones-mevagissey.co.uk	nonspam	2.838937867031661e-06
55073	www.grizedalestages.co.uk	nonspam	3.219751937291894e-06
55169	www.growingbusinessawards.co.uk	nonspam	5.109557207888055e-06
55303	www.guardianhosting.co.uk	nonspam	1.5394887742854822e-05
55466	www.gvi.co.uk	nonspam	1.372726531675598e-05
55614	www.hackneygazette.co.uk	nonspam	4.185356453251541e-06
55641	www.hadleigh-guildhall.co.uk	nonspam	3.45348534828933e-06
55857	www.halsteadboilers.co.uk	nonspam	3.8953476117096135e-06
55977	www.hampshirefare.co.uk	nonspam	9.443772267289847e-06
56036	www.handgservices.co.uk	nonspam	5.459394079729448e-06
56087	www.handweaversstudio.co.uk	nonspam	3.100386754799987e-06
56207	www.happyhourproductions.co.uk	nonspam	4.053315874728699e-06
56226	www.harboro.co.uk	nonspam	4.865029680027499e-06
56234	www.harbour-design.co.uk	nonspam	2.809680086492051e-06
56304	www.harefieldhamsters.co.uk	nonspam	3.1345081816414794e-06
56407	www.harpsdalefishery.co.uk	nonspam	3.257157181597948e-06
56465	www.harristweedandknitwear.co.uk	nonspam	3.19807656646818e-06
56665	www.hatfair.co.uk	nonspam	7.5884286086282186e-06
56702	www.hauntingbreaks.co.uk	nonspam	5.143188962368673e-06
56776	www.hawkstone.co.uk	nonspam	6.801109753287044e-06
56881	www.haysgalleria.co.uk	nonspam	3.845517127023829e-06
57087	www.headshairdesign.co.uk	nonspam	2.839467508882428e-06
57156	www.healthlines.co.uk	nonspam	3.2022391550239916e-06
57311	www.heatwavewebdesign.co.uk	nonspam	6.324465686048189e-06
57641	www.herbcentre.co.uk	nonspam	4.667408058346655e-06
57674	www.herefordshiregolfingescapes.co.uk	nonspam	1.060875218505904e-05
57728	www.hermitagefarm.co.uk	nonspam	5.728630102171831e-06
57785	www.hertfordshiremobilediscos.co.uk	spam	9.86420526527695e-06
57814	www.hertsmobilediscos.co.uk	nonspam	9.86420526527695e-06
58025	www.hiea.co.uk	nonspam	3.3445186343887216e-06
58068	www.highandmighty.co.uk	nonspam	3.1650329403633736e-06
58354	www.hillsdesign.co.uk	nonspam	4.6035829491432055e-06
58778	www.holidaycottage.co.uk	nonspam	5.363720891165079e-06
59085	www.homechoice.co.uk	nonspam	9.543798620784236e-06
59113	www.homehardware.co.uk	nonspam	3.538628579753135e-06
59118	www.homeimprovementadvice.co.uk	nonspam	3.9904728953489545e-06
59189	www.homespunwebs.co.uk	nonspam	3.0846213127702057e-06
59239	www.honestycosmetics.co.uk	nonspam	4.857524876143245e-06
59299	www.hookfarm-uplyme.co.uk	nonspam	2.857784648224337e-06
59312	www.hoover.co.uk	nonspam	5.0151734701178735e-06
59340	www.hopkinsholloway.co.uk	nonspam	2.750758878303853e-06
59351	www.horam-manor.co.uk	nonspam	5.510875315403137e-06
59410	www.horsedata.co.uk	nonspam	7.2698625379611575e-06
59424	www.horseridingcentre.co.uk	nonspam	2.9727736554899658e-06
59594	www.hotproperty.co.uk	nonspam	6.175530663650528e-05
59598	www.hotrodbikes.co.uk	nonspam	8.798361316910766e-06
59613	www.hottubs4u.co.uk	nonspam	2.815595200946855e-06
59632	www.house-detectives.co.uk	nonspam	5.216311417772534e-06
59735	www.howards.co.uk	nonspam	5.038013762695704e-06
59746	www.howefarm.co.uk	nonspam	3.208385759947511e-06
60113	www.hunstretehouse.co.uk	nonspam	1.1402826361699926e-05
60157	www.huntlycomputers.co.uk	nonspam	7.34839744417867e-06
60193	www.hurstpub.co.uk	nonspam	3.406392431149222e-06
60342	www.hypno-therapists.co.uk	nonspam	5.319396625071438e-06
60383	www.hypnotherapy-practice.co.uk	nonspam	2.705373915265366e-06
60386	www.hypnotherapycentrefulham.co.uk	nonspam	5.543006263678715e-06
60399	www.hysteria-lives.co.uk	nonspam	2.948733353741852e-06
60624	www.icbirmingham.co.uk	nonspam	7.634872743256456e-06
60815	www.idealhomeshow.co.uk	nonspam	1.863289593376723e-05
60824	www.ideas21.co.uk	spam	7.81122071220874e-06
60871	www.idoweddingfavours.co.uk	nonspam	6.117730352855264e-06
60970	www.igindex.co.uk	nonspam	5.399388904222139e-06
61030	www.iiyama.co.uk	nonspam	4.6500121624291385e-06
61323	www.impulse-music.co.uk	nonspam	1.134941751176461e-05
61338	www.imuso.co.uk	nonspam	3.0317288196185426e-06
61970	www.intel.co.uk	nonspam	2.6773999621922316e-05
62118	www.internetbuff.co.uk	nonspam	7.327486424871815e-06
62200	www.into.demon.co.uk	spam	1.3560022252208133e-05
62437	www.ipwfi.co.uk	nonspam	5.136298642972343e-06
62470	www.iris.co.uk	nonspam	4.375513767239228e-06
62679	www.islay-cottage.co.uk	nonspam	2.7816035564714843e-06
62685	www.islaywoollenmill.co.uk	nonspam	3.9802404283551365e-06
62838	www.itchylondon.co.uk	nonspam	2.7460246045617175e-06
63001	www.ivyhousemarlborough.co.uk	nonspam	1.332224811762124e-05
63116	www.jackson-civils.co.uk	nonspam	3.519181457001888e-06
63132	www.jacksonsnurseries.co.uk	nonspam	1.216237616110183e-05
63333	www.jandmtoys.co.uk	nonspam	3.0965183680030193e-06
63743	www.jenbrown.co.uk	nonspam	1.5498643789158552e-05
63771	www.jennitrenthughes.co.uk	nonspam	5.387950018733391e-06
63891	www.jfhols.co.uk	nonspam	2.824851346681091e-06
64038	www.jivehive.co.uk	nonspam	3.136207608875586e-06
64194	www.jobs.guardian.co.uk	nonspam	6.59336471614502e-06
64198	www.jobs.telegraph.co.uk	nonspam	5.120683240997596e-06
64211	www.jobserve.co.uk	nonspam	4.477972558315786e-06
64376	www.johnkemp.co.uk	nonspam	4.27439635839468e-06
64382	www.johnlewis.co.uk	nonspam	4.480493528242805e-06
64430	www.johnsale.co.uk	nonspam	1.8075690539002026e-05
64520	www.jonathanelwellinteriors.co.uk	nonspam	3.907587835822166e-06
64640	www.jpglimousines.co.uk	spam	2.981248666972158e-06
64831	www.julieandpatrhodes.co.uk	nonspam	1.0376937211303446e-05
64849	www.jumpingforfun.co.uk	nonspam	3.4075292652197633e-06
64996	www.justtheflight.co.uk	nonspam	4.625934738992671e-06
65013	www.jwautomarine.co.uk	nonspam	4.099642738525122e-06
65279	www.kaweb.co.uk	nonspam	1.2006014369745955e-05
65724	www.kenttourism.co.uk	nonspam	1.903711304097935e-05
66094	www.killerpaint.co.uk	nonspam	6.242093846198048e-06
66178	www.kinesis-solutions.co.uk	nonspam	2.9242382971678017e-06
66391	www.kingsway-guesthouse.co.uk	nonspam	3.0707716813293183e-06
66419	www.kinky-links.co.uk	spam	5.491643153338568e-06
66584	www.kitecountry.co.uk	nonspam	4.43820195418142e-06
66606	www.kittymania.co.uk	nonspam	9.842054837819175e-06
66838	www.kompass.co.uk	spam	1.1070888006191658e-05
66873	www.kosmos.co.uk	nonspam	4.00727509310875e-06
66933	www.krystalgroup.co.uk	nonspam	3.43754114703494e-06
67009	www.kuoni.co.uk	nonspam	7.400799129920556e-06
67039	www.kwintessential.co.uk	nonspam	1.306624364391396e-05
67174	www.lady-daphne.co.uk	nonspam	3.4228351285276406e-06
67180	www.ladybird.co.uk	nonspam	4.203618636115148e-06
67285	www.lakesandcumbriatoday.co.uk	nonspam	4.2040385092421775e-06
67354	www.lambretta.co.uk	nonspam	5.034552818754812e-06
67357	www.lamdesign.co.uk	nonspam	3.6961300503175743e-06
67409	www.lancasterengines.co.uk	nonspam	3.0541494372758073e-06
67431	www.lancsaeroclub.co.uk	nonspam	3.3358307554141713e-06
67454	www.landcroft.co.uk	nonspam	3.7453475914204696e-06
67517	www.landscape.co.uk	nonspam	1.1969340109193824e-05
67528	www.landscapestravel.co.uk	nonspam	3.0604859519816122e-06
67705	www.larbreckhousefarm.co.uk	nonspam	3.0395141981544754e-06
67745	www.larosa-escorts.co.uk	nonspam	1.14821071460388e-05
67803	www.lastnightoffreedom.co.uk	nonspam	8.070456080573978e-06
67844	www.lauderdalehotel.co.uk	nonspam	3.153325204428859e-06
67903	www.laverocks.co.uk	nonspam	3.2266292638137053e-06
67936	www.lawgazette.co.uk	nonspam	9.358452275384127e-06
68244	www.learnwithdogs.co.uk	nonspam	4.023791716380714e-06
68247	www.leascliffhall.co.uk	nonspam	5.242675758790032e-06
68434	www.legal-executive-recruitment.co.uk	nonspam	5.353815576196844e-06
68435	www.legal-financial.co.uk	nonspam	5.15694804725299e-06
68585	www.leisurevacancies.co.uk	nonspam	4.559643489997929e-06
68608	www.lemonstreetgallery.co.uk	nonspam	3.0304306755528667e-06
68721	www.letchworthshop.co.uk	nonspam	3.4558964309147424e-06
68753	www.letsplay-nightandday.co.uk	nonspam	1.0957719770963522e-05
68815	www.lewesyoga.co.uk	nonspam	3.960878308260985e-06
69083	www.lifecastings.co.uk	nonspam	3.9084055335639725e-06
69099	www.lifeforceonline.co.uk	nonspam	1.0044297702118046e-05
69161	www.liftonhall.co.uk	nonspam	2.983727544092535e-06
69289	www.limoknights.co.uk	nonspam	3.376177193609494e-06
69353	www.lincsaviation.co.uk	nonspam	4.3000405428362776e-06
69360	www.lincsfm.co.uk	nonspam	2.721246133502816e-06
69427	www.linesave.co.uk	nonspam	3.687750369185309e-06
69469	www.links-directory.co.uk	spam	4.838181841547717e-06
69551	www.liquidlife.co.uk	nonspam	4.085507635312402e-06
69552	www.liquidlight.co.uk	nonspam	3.992456166978498e-06
69751	www.livein-jobs.co.uk	nonspam	4.359804906342155e-06
69807	www.liverpoolvision.co.uk	nonspam	5.9553883895699675e-06
70069	www.lnk.co.uk	nonspam	1.3443232972820914e-05
70149	www.localpagestoday.co.uk	nonspam	4.97368321041346e-06
70271	www.lodgelochfyne.co.uk	nonspam	2.8583146408469876e-06
70359	www.lomondhotel.co.uk	nonspam	3.642534480326365e-06
70434	www.londonart.co.uk	nonspam	5.834415486372764e-06
70440	www.londonbiotechnology.co.uk	nonspam	7.875227801527174e-06
70509	www.londonjingkunopera.co.uk	nonspam	3.4768543790967865e-06
70661	www.longstonetyres.co.uk	nonspam	4.575028376401099e-06
70803	www.lottery.co.uk	nonspam	8.10185217997589e-06
70816	www.lotus7club.co.uk	nonspam	1.1597838954835293e-05
70850	www.louisphilippe.co.uk	nonspam	2.7195257063589694e-06
70878	www.lovelylisa.co.uk	nonspam	3.609705558186175e-06
70937	www.lowfellcountryhouse.co.uk	nonspam	3.493812169907295e-06
70942	www.lowicknet.co.uk	nonspam	5.8562006558316384e-06
71196	www.lush.co.uk	nonspam	5.108961909863159e-06
71251	www.luxi-thai-model.co.uk	nonspam	2.8500900629440273e-06
71307	www.lydd-airport.co.uk	nonspam	8.6689651976182e-06
71409	www.lyrictheatre.co.uk	nonspam	3.614447110041466e-06
71529	www.macdougalls.co.uk	nonspam	4.0654046602176625e-06
71571	www.mackenzieclarke.co.uk	nonspam	4.760312142904425e-06
71628	www.madame-tussauds.co.uk	nonspam	1.62223212505555e-05
71670	www.madjacksmorris.co.uk	nonspam	7.317594494046821e-06
71685	www.madref.co.uk	nonspam	3.3009639656480826e-06
71702	www.maeshowe.co.uk	nonspam	2.7816297807081447e-06
71827	www.magonia.demon.co.uk	nonspam	3.235516085970434e-06
71949	www.maisonblanche.co.uk	nonspam	3.424476325889179e-06
72047	www.malikasiam.co.uk	nonspam	2.7144533276863476e-06
72081	www.maltingsberwick.co.uk	nonspam	4.67904037491314e-06
72082	www.maltlounge.co.uk	nonspam	3.7069375806553168e-06
72125	www.managementfutures.co.uk	nonspam	2.9210566921767935e-06
72194	www.manchestertheatres.co.uk	nonspam	5.719896930145483e-06
72519	www.marine-media.co.uk	nonspam	5.020757104451063e-06
72682	www.markwarner.co.uk	spam	1.0247610675480748e-05
72771	www.marsden-fire-safety.co.uk	nonspam	3.565813051904311e-06
72958	www.maslink.co.uk	nonspam	2.7572734669129066e-06
72997	www.mastercard.co.uk	nonspam	5.197371800433704e-06
73010	www.masterquote.co.uk	spam	6.128828695228694e-06
73031	www.matchmaster.co.uk	nonspam	3.0092103170363356e-06
73077	www.mathsonline.co.uk	nonspam	7.509897335077349e-06
73148	www.mauldons.co.uk	nonspam	3.151195626468231e-06
73720	www.medical-acupuncture.co.uk	nonspam	2.0675448736807835e-05
73805	www.meduseld.btinternet.co.uk	nonspam	3.8033760692891815e-06
73977	www.memoryart.co.uk	nonspam	4.226585070960581e-06
73987	www.menace77.co.uk	nonspam	2.7743057831557615e-06
74091	www.mercurywd.co.uk	spam	1.0482293702147229e-05
74267	www.metaldetectors.co.uk	nonspam	3.3798488210780373e-06
74430	www.mgmfairs.co.uk	nonspam	5.766563571128688e-06
74507	www.michael.fabricant.mp.co.uk	nonspam	4.405292787718304e-06
74551	www.michel2f.co.uk	nonspam	2.8170909061063682e-06
74581	www.micro-car.co.uk	nonspam	2.7715463604539733e-06
74668	www.middies.demon.co.uk	nonspam	5.350412040978268e-06
74692	www.middletonross.co.uk	nonspam	2.7368816003357835e-06
74719	www.midkentfisheries.co.uk	nonspam	4.074276699340611e-06
74734	www.midlandescorts-afterdark.co.uk	nonspam	5.171379967616244e-06
74738	www.midlandmetro.co.uk	nonspam	3.4346289819144382e-06
74963	www.millennium-orchids.co.uk	nonspam	2.7925100628778593e-06
74993	www.millets.co.uk	nonspam	4.329920508604067e-06
75245	www.mirroralbums.co.uk	nonspam	6.726549758940677e-06
75276	www.missbryce-jones.co.uk	nonspam	8.734644857718434e-06
75312	www.mistressdominatrix.co.uk	spam	4.133785608194534e-06
75401	www.mk-motors.co.uk	nonspam	3.003720588935804e-06
75443	www.mkweb.co.uk	nonspam	4.213328768105386e-05
75673	www.moducarepractitioner.co.uk	nonspam	4.295723144679724e-06
75708	www.mojo.co.uk	nonspam	3.514381329322678e-06
75730	www.moleproductions.co.uk	nonspam	3.910128194537656e-06
76014	www.morethangifts.co.uk	nonspam	5.076193948242516e-06
76068	www.morningstar.co.uk	nonspam	5.122866376320467e-06
76199	www.moseleyrugby.co.uk	nonspam	6.817264757170699e-06
76210	www.mossbros.co.uk	nonspam	4.5202675278520645e-06
76421	www.mountainart.co.uk	nonspam	5.248137027974869e-06
76455	www.mounthaven.co.uk	nonspam	3.852241809863882e-06
76493	www.moveme.co.uk	spam	3.960662913996267e-06
76520	www.movingahead.co.uk	nonspam	4.238703431103626e-06
76678	www.mrtaylor.co.uk	nonspam	3.519126748370876e-06
76790	www.mtwc.co.uk	nonspam	4.6226300837375315e-06
77092	www.mutleycrew.co.uk	nonspam	4.1324006297138295e-06
77198	www.mybookyourbook.co.uk	nonspam	3.715732409703404e-06
77252	www.mymanchesteronline.co.uk	nonspam	3.778654226998722e-06
77275	www.myplaceabroad.co.uk	spam	5.803336040791796e-06
77305	www.mystic-mouse.co.uk	nonspam	3.5771010918119826e-06
77473	www.nannywageltd.co.uk	nonspam	2.764778147473271e-06
77517	www.narec.co.uk	nonspam	7.253366691478085e-06
77574	www.national-aquarium.co.uk	nonspam	3.579650577253486e-05
77684	www.naturalfitnesscentre.co.uk	nonspam	4.909553941920966e-06
77737	www.natyal.co.uk	nonspam	4.123814646055842e-06
77899	www.ncsp.co.uk	nonspam	3.288414138888579e-06
78004	www.nedstat.co.uk	nonspam	2.945110384271014e-06
78026	www.negotiationeurope.co.uk	nonspam	3.0864063917466297e-06
78226	www.netdoctor.co.uk	nonspam	4.848644056174143e-05
78296	www.netsecrets.co.uk	nonspam	3.167987236585818e-05
78379	www.nevardroland.co.uk	nonspam	6.078001138950761e-06
78396	www.nevisrange.co.uk	nonspam	2.571863774327915e-05
78459	www.newburyrfc.co.uk	nonspam	4.242610394842174e-06
78556	www.newforestfurniture.co.uk	nonspam	7.08479336062409e-06
78693	www.newquaywaterworld.co.uk	nonspam	4.1267860926029705e-06
78744	www.newsteam.co.uk	nonspam	4.976906388164509e-06
78780	www.newtownstboswells.bordernet.co.uk	nonspam	6.085397652536115e-06
78826	www.nfauto.co.uk	nonspam	4.062740054251286e-06
79035	www.nie.co.uk	nonspam	1.0384464049968271e-05
79054	www.nigelblake.co.uk	nonspam	3.148013385716384e-06
79147	www.nirailways.co.uk	nonspam	9.282223737061274e-06
79361	www.nofearbridge.co.uk	nonspam	3.4073893374341446e-06
79507	www.norland.co.uk	nonspam	4.4020537726696035e-06
79694	www.northern-electric.co.uk	spam	4.773405816011794e-06
79960	www.norwichlanes.co.uk	nonspam	7.6002820042221855e-06
79962	www.norwichontheweb.co.uk	spam	5.214870857172814e-06
80063	www.nottscounty-mad.co.uk	nonspam	2.9112587958757314e-06
80087	www.novadirectmail.co.uk	nonspam	6.6763177723342e-06
80124	www.npbs-commercial-mortgages.co.uk	nonspam	3.2987147293253486e-06
80254	www.ntet.co.uk	nonspam	7.270757843109857e-06
80445	www.nwdnb.co.uk	nonspam	3.0856602458590994e-06
80449	www.nwemail.co.uk	nonspam	1.0209930184831997e-05
80603	www.oaklandsholidaysdevon.co.uk	nonspam	7.350041099945335e-06
80817	www.octoplus.co.uk	nonspam	3.128624707015836e-06
80893	www.offasdyke.demon.co.uk	nonspam	7.3248263465530424e-06
81351	www.omnitrack.co.uk	nonspam	3.5368070772068504e-06
81407	www.oneoffwebdesign.co.uk	nonspam	6.931307112209028e-06
81517	www.onsitetech.co.uk	nonspam	4.154639617999282e-06
81570	www.opendooraikido.fsnet.co.uk	nonspam	5.48130773091303e-06
81784	www.orchidinfo.co.uk	nonspam	1.0808910104358057e-05
81790	www.ordnancesurvey.co.uk	nonspam	6.441994431226618e-05
81899	www.orkneytoday.co.uk	nonspam	6.8382618549105716e-06
82149	www.outdooraccessories.co.uk	nonspam	1.214832831536968e-05
82157	www.outdooreducation.co.uk	nonspam	2.9423527716123488e-06
82169	www.outdoorstaff.co.uk	nonspam	2.75293910176464e-06
82296	www.oxfam.co.uk	nonspam	1.557030125441002e-05
82314	www.oxfordarch.co.uk	nonspam	6.198325097323318e-06
82437	www.ozart.co.uk	nonspam	8.753038554548006e-06
82458	www.p-t-cook.freeserve.co.uk	nonspam	2.7572583764667546e-06
82477	www.pace.co.uk	nonspam	6.684057260150155e-06
82530	www.padstow-cornwall.co.uk	nonspam	3.829535105834363e-06
82773	www.paperpassiondesign.co.uk	nonspam	3.450610658568138e-06
82822	www.paragonmartialarts.co.uk	nonspam	6.481916742588699e-06
82916	www.parkers.co.uk	nonspam	1.5352811190111253e-05
82991	www.parkwelding.co.uk	nonspam	8.38682279880838e-06
83319	www.paulwhiteltd.co.uk	nonspam	9.465069050274157e-06
83444	www.pcformat.co.uk	nonspam	3.4754554585897653e-06
83461	www.pcmag.co.uk	nonspam	3.838834497154618e-06
83476	www.pcpro.co.uk	nonspam	6.841623852621235e-05
83815	www.penhome.co.uk	nonspam	4.032653355983741e-06
83857	www.penninewaterways.co.uk	nonspam	1.0948427997410898e-05
83949	www.penvithbarns.co.uk	nonspam	3.3592778450161954e-06
83975	www.peoplecentred.co.uk	nonspam	5.247239623935846e-06
83991	www.pepegarden.co.uk	nonspam	4.4065174291934095e-06
84022	www.perception.co.uk	nonspam	5.034485601993979e-06
84116	www.permits2work.co.uk	nonspam	2.962630812225025e-06
84219	www.pet-supermarket.co.uk	spam	4.634409514146026e-06
84220	www.pet-tag.co.uk	spam	3.6278365629530058e-06
84352	www.petes-eats.co.uk	nonspam	3.970150718274275e-06
84395	www.pets-supply.co.uk	nonspam	9.829190463721734e-06
84707	www.phones2udirect.co.uk	nonspam	4.093330901905295e-06
84747	www.photogold.co.uk	nonspam	4.317262865749967e-06
84832	www.physiodirectory.co.uk	nonspam	5.604915938729837e-06
84936	www.piesoftwareinc.co.uk	nonspam	8.844379847713974e-06
85183	www.pixelimage.co.uk	nonspam	4.029338329797019e-06
85275	www.planc.co.uk	nonspam	3.427884826531395e-06
85276	www.plancraft.co.uk	nonspam	5.595951201278115e-06
85500	www.plumbago.co.uk	nonspam	3.5036935592972883e-06
85665	www.poetsgraves.co.uk	nonspam	2.841644120508127e-06
85794	www.polyimage.co.uk	nonspam	3.3293343190263886e-06
85804	www.polyprint.co.uk	nonspam	4.198125953186571e-06
85931	www.porcelain-shirepottery.co.uk	nonspam	3.345823074119434e-06
86036	www.portmanteauceramics.co.uk	nonspam	2.754255188218825e-06
86045	www.portoflarne.co.uk	nonspam	4.487746624068176e-06
86181	www.postpack.co.uk	nonspam	3.087168299740124e-06
86183	www.postpals.co.uk	nonspam	7.26517885442928e-06
86202	www.potn.co.uk	nonspam	3.548330908482083e-06
86262	www.powergen.co.uk	nonspam	2.2270110034408846e-05
86387	www.prague-hotel.co.uk	nonspam	3.0823754665831216e-05
86588	www.prestigeaudio.co.uk	nonspam	2.714351901524247e-06
86644	www.prettyclever.co.uk	nonspam	3.273279399533905e-06
86709	www.primaveramusic.co.uk	nonspam	2.8339244429309862e-06
86915	www.proadventure.co.uk	nonspam	2.9962693720468154e-06
86949	www.proclimber.co.uk	nonspam	2.803227306389172e-06
87102	www.property-week.co.uk	nonspam	3.828399037250861e-06
87138	www.propertytaxation.co.uk	nonspam	7.177293671950257e-06
87261	www.psakeepsafe.co.uk	spam	3.0373340820286283e-06
87265	www.psbooks.co.uk	nonspam	3.8142647906071223e-06
87502	www.punkoiuk.co.uk	nonspam	7.820311131385458e-06
87585	www.purpleonion.co.uk	nonspam	8.763640768243779e-06
87601	www.pushbikes.freeserve.co.uk	nonspam	3.5809623071223046e-06
87738	www.qhotels.co.uk	nonspam	1.534346902528671e-05
87838	www.quality-site-finder.co.uk	spam	1.0048076807384083e-05
87960	www.queensclub.co.uk	nonspam	2.8590901059644888e-06
88160	www.racewalkingassociation.btinternet.co.uk	nonspam	3.5806418550086126e-06
88215	www.radio-therapy.co.uk	nonspam	4.07231844860478e-06
88228	www.radiodata.co.uk	nonspam	4.855366418761976e-06
88327	www.railcentre.co.uk	nonspam	3.440815394316885e-06
88347	www.railtrack.co.uk	nonspam	0.00014275224438763681
88459	www.ramair.co.uk	nonspam	3.7510553527156397e-06
88471	www.ramblingroads.co.uk	nonspam	1.5483941900810444e-05
88698	www.raywilson.co.uk	nonspam	3.0977153686654137e-06
88897	www.reading-guide.co.uk	nonspam	3.746969254187752e-06
89053	www.recordstore.co.uk	nonspam	2.9219234025035017e-06
89388	www.regalhotels.co.uk	nonspam	5.571838901771184e-06
89414	www.regenerationem.co.uk	nonspam	4.680636838118008e-06
89608	www.renewalcc.co.uk	nonspam	3.538580635665997e-06
89749	www.restormelarts.co.uk	nonspam	4.068863382148909e-06
89778	www.retractableawnings.co.uk	nonspam	8.92805033117598e-06
89819	www.revelator.co.uk	nonspam	1.626716197757763e-05
89842	www.revolving-doors.co.uk	nonspam	4.579410864389804e-06
89953	www.rhonealpes-tourism.co.uk	nonspam	1.4100615128484206e-05
90201	www.ridinghols-scotland.co.uk	nonspam	7.2943787015575346e-06
90375	www.riversanimalhousing.co.uk	spam	4.74261142026372e-06
90418	www.rivertiltpark.co.uk	nonspam	3.4099706730814763e-06
90967	www.romans.co.uk	nonspam	4.529583370079234e-06
91052	www.rookinhouse.freeserve.co.uk	nonspam	3.4454986264095914e-06
91356	www.roxburgh.bordernet.co.uk	nonspam	2.820364701975166e-06
91595	www.rsownersclub.co.uk	nonspam	4.107638642723181e-06
91657	www.rubbadubbadoo.co.uk	nonspam	5.60509401907244e-06
91878	www.rvlimos.co.uk	nonspam	4.489200418518186e-06
91931	www.ryedale-hotel.co.uk	nonspam	3.4963815625035686e-06
91958	www.ryouko.demon.co.uk	nonspam	5.864578917102719e-06
91970	www.s-cool.co.uk	nonspam	3.0335158490874433e-05
92286	www.saintsfc.co.uk	nonspam	2.759885200852175e-05
92309	www.salcombeinformation.co.uk	nonspam	4.839732621605322e-06
92581	www.sandline-learning.co.uk	nonspam	1.365913793999286e-05
92604	www.sandrinemaugy.co.uk	nonspam	7.963978278048072e-06
92613	www.sandsresort.co.uk	nonspam	5.83258981943235e-06
92800	www.saturnv.co.uk	nonspam	2.811839043457721e-06
92802	www.saucony.co.uk	nonspam	1.0027287975204952e-05
92956	www.sbuwest.freeserve.co.uk	nonspam	3.333393704469725e-06
92978	www.scalemodels.co.uk	nonspam	3.0149867556745976e-06
93019	www.scapackaging.co.uk	nonspam	3.378029142342789e-06
93082	www.scenicgardens.co.uk	nonspam	5.863705629629459e-06
93108	www.schluter.co.uk	nonspam	2.9771922145317952e-06
93304	www.scorrie.co.uk	nonspam	3.145993109714538e-06
93330	www.scotcycle.co.uk	nonspam	4.323395463325177e-06
93340	www.scotiacharters.co.uk	nonspam	3.152769311779257e-06
93356	www.scotland-index.co.uk	nonspam	7.132863060763122e-06
93381	www.scotlandview.co.uk	nonspam	3.689399941974688e-06
93386	www.scotlinetours.co.uk	nonspam	4.572971424371094e-06
93418	www.scottdesignco.co.uk	nonspam	2.725026252548682e-06
93525	www.scottishgourmetfood.co.uk	nonspam	3.5288522714269973e-06
93672	www.screenwm.co.uk	nonspam	8.741913329007647e-06
93729	www.scuba.co.uk	nonspam	4.206424559167634e-06
93871	www.seafrance.co.uk	nonspam	8.86550883573532e-06
94248	www.selfcateringcottagesdevon.co.uk	nonspam	1.029101427623381e-05
94308	www.semplefraser.co.uk	nonspam	2.9542846671860226e-06
94323	www.sencevalleymarketingcommunications.co.uk	nonspam	3.518065919158533e-06
94330	www.sendsomeflowers.co.uk	nonspam	5.358979736743262e-06
94852	www.sheffieldforum.co.uk	nonspam	7.278050430360492e-06
95020	www.shimbo.co.uk	nonspam	3.6455215029331503e-06
95039	www.shipleyjuniors.co.uk	nonspam	2.7364356695765278e-06
95090	www.shmdesign.co.uk	nonspam	2.9750079204144094e-06
95091	www.shntv.freeserve.co.uk	nonspam	3.0781527057463e-06
95131	www.shop.co.uk	spam	1.4145451432143597e-05
95137	www.shop4sport.co.uk	nonspam	2.7027266971033475e-06
95365	www.sidenet.co.uk	nonspam	5.121972932593358e-06
95388	www.sifa.co.uk	nonspam	3.4771477228728592e-06
95478	www.silkflowersdecoflora.co.uk	nonspam	4.32413794500859e-06
95508	www.silverdale.mistral.co.uk	nonspam	8.943244083523108e-06
95652	www.simplybiz.co.uk	nonspam	8.159693421308332e-06
95676	www.simplypoolandsnooker.co.uk	nonspam	8.666786018341929e-06
95679	www.simplyscilly.co.uk	nonspam	1.1049307971117076e-05
95751	www.singto.co.uk	nonspam	3.1247248254392853e-06
95752	www.singularity.co.uk	nonspam	4.1764614296275365e-06
96061	www.skyehomes.co.uk	nonspam	8.138124262511392e-06
96067	www.skyescene.co.uk	nonspam	4.043919590470192e-06
96209	www.slm-leisure.co.uk	nonspam	3.860229584864979e-06
96219	www.slot-cars.co.uk	nonspam	3.633096655960261e-06
96289	www.smallholding-wales.co.uk	nonspam	4.076350037301718e-06
96329	www.smartdevonhomes.co.uk	nonspam	1.0343031580831006e-05
96447	www.smithsgore.co.uk	nonspam	6.440738775578486e-06
96511	www.smtl.co.uk	nonspam	3.96017812050382e-06
96550	www.sndc.demon.co.uk	nonspam	1.2179554389929973e-05
96616	www.snowdonrailway.co.uk	nonspam	1.6047298430282755e-05
96977	www.somcom.co.uk	nonspam	3.547155925527431e-06
96988	www.somerset-holiday-vacation-cottages.co.uk	nonspam	5.054705029190873e-06
97004	www.somersetcarnivals.co.uk	nonspam	5.163374052216067e-06
97075	www.sonypictures.co.uk	nonspam	1.4904010121241054e-05
97094	www.soraya.co.uk	nonspam	2.8803349669200605e-06
97275	www.southbucksbridgecentre.co.uk	nonspam	7.899671321165795e-06
97458	www.southshields-sanddancers.co.uk	nonspam	3.0255596742948847e-06
97541	www.sovereigntracking.co.uk	nonspam	7.142009643409938e-06
97726	www.specialdayinvitations.co.uk	nonspam	1.1254702406389713e-05
97857	www.spiderwebsystems.co.uk	nonspam	9.309059408360162e-06
98034	www.sportsbikeshop.co.uk	nonspam	5.2427295709478215e-06
98334	www.sstl.co.uk	nonspam	1.2070469927940844e-05
98480	www.st-mellion.co.uk	nonspam	8.35481658392036e-06
98744	www.stanford-in-the-vale.co.uk	nonspam	4.073098962667839e-06
98852	www.starinacar.co.uk	nonspam	3.7322907788451433e-06
98876	www.starsol.co.uk	nonspam	4.290135763010563e-06
98884	www.startclean.co.uk	nonspam	5.383393753739034e-06
98908	www.staticholidaycaravans.co.uk	nonspam	8.160667621105322e-06
98924	www.statistics.006.free-counter.co.uk	spam	2.344186849362277e-05
98977	www.stayinstandrews.co.uk	nonspam	7.895705385843882e-06
99207	www.stepstone.co.uk	nonspam	5.455946807756756e-06
99434	www.stives-cornwall.co.uk	nonspam	1.0049892216333756e-05
99454	www.stivestrust.co.uk	nonspam	3.6870667267077575e-06
99482	www.stjohns.co.uk	nonspam	4.613073764883975e-06
99696	www.stocktonscouts.co.uk	nonspam	4.720540707718896e-06
99742	www.stoneaston.co.uk	nonspam	1.684798731663243e-05
99917	www.stpauls.co.uk	nonspam	2.9157146995256867e-05
99971	www.straight2web.co.uk	nonspam	3.7815011471418807e-06
100055	www.strawberrysoup.co.uk	nonspam	3.8728215481531065e-06
100172	www.stroudhillpark.co.uk	nonspam	2.736775026462742e-06
100566	www.summer-buildings-online.co.uk	nonspam	3.2161637391923215e-06
100755	www.superbike-news.co.uk	nonspam	1.3015060817413698e-05
100784	www.superleague.co.uk	nonspam	8.318090718624587e-06
100812	www.suppliersnearby.co.uk	spam	1.0139573558430492e-05
101002	www.sussexcoast.co.uk	nonspam	2.9881396227494e-06
101129	www.swalec.co.uk	nonspam	1.24586813452114e-05
101161	www.swanaround.co.uk	nonspam	3.7205049146287255e-06
101447	www.sylviamilne.btinternet.co.uk	nonspam	2.967501757584081e-06
101561	www.sywellaerodrome.co.uk	nonspam	5.572730740399163e-06
101576	www.t-mobile.co.uk	nonspam	3.3599129617776054e-05
101621	www.tachyon-tv.co.uk	nonspam	3.3977005176444758e-06
101946	www.tarotlaura.co.uk	nonspam	5.0376494572105385e-06
101990	www.tasticmedia.co.uk	nonspam	3.0481541977566347e-06
102250	www.teamdiscovery.co.uk	nonspam	6.583894112214957e-05
102324	www.technobots.co.uk	nonspam	3.881326272513149e-06
102466	www.telephonesonline.co.uk	nonspam	3.7003084455565506e-06
102936	www.the-lot.co.uk	nonspam	4.524849193045435e-06
103015	www.the-wateringhole.co.uk	nonspam	1.7174397372479335e-05
103027	www.the100club.co.uk	nonspam	6.208744400584544e-06
103129	www.thebabycafe.co.uk	nonspam	3.4056952209726508e-06
103226	www.thebluechip.co.uk	nonspam	4.069340418950662e-06
103435	www.thecornishcyderfarm.co.uk	nonspam	5.321104252993602e-06
103571	www.thefca.co.uk	nonspam	4.546018510013166e-06
103598	www.thefloatypenzone.co.uk	nonspam	3.344234440216896e-06
103637	www.thefull360.co.uk	nonspam	1.1726675203719053e-05
103638	www.thefurnituredirectory.co.uk	spam	3.9949006622065114e-06
103657	www.thegardenplanner.co.uk	nonspam	8.571084036743513e-06
103697	www.thegoodnews.co.uk	nonspam	6.016292743369555e-06
103831	www.thehypnotherapyassociation.co.uk	nonspam	1.546948257347429e-05
103879	www.thekeay.co.uk	nonspam	3.3048497636884814e-06
103882	www.thekenathercentre.co.uk	nonspam	7.474731813356159e-06
104017	www.themarinahotel.co.uk	nonspam	3.718106591498422e-06
104209	www.thepacemakers.co.uk	nonspam	4.203293523807198e-06
104215	www.thepapermillshop.co.uk	nonspam	3.4596984031528898e-06
104449	www.thescotsmanhotel.co.uk	nonspam	1.1345727935356237e-05
104453	www.thescreencompany.co.uk	nonspam	3.104955058640212e-06
104480	www.theshopping-centre.co.uk	spam	1.0320617165071689e-05
104589	www.theteachernet.co.uk	nonspam	3.920870895689058e-06
104601	www.thetfordtownfc.fsnet.co.uk	nonspam	2.8878073907278533e-06
104619	www.thetimescreme.co.uk	nonspam	1.3533036511059556e-05
104700	www.thewebbothy.co.uk	nonspam	3.8020489285096943e-06
104757	www.thewoodcarver.co.uk	nonspam	4.66342801981489e-06
104871	www.thisisyork.co.uk	nonspam	2.100645566963514e-05
105128	www.tichbornes.co.uk	nonspam	5.769437955820314e-06
105261	www.timcointernet.co.uk	spam	4.375192137236299e-06
105270	www.timecapsulegifts.co.uk	nonspam	3.6212413497971682e-06
105302	www.timico.co.uk	nonspam	3.247325202913818e-06
105323	www.timsibley.co.uk	spam	2.9480585977710433e-06
105344	www.tinies.co.uk	nonspam	2.9514604360793455e-06
105574	www.tokyo-express.co.uk	nonspam	3.055477831220586e-06
105603	www.tomcc.demon.co.uk	nonspam	5.776863822005806e-06
105623	www.tomphillips.co.uk	nonspam	3.363196398183729e-06
105715	www.top-mobile-phones.co.uk	spam	4.851518451141159e-06
105718	www.top-teks.co.uk	nonspam	8.311620785125826e-06
105762	www.topitall.co.uk	nonspam	2.8673520617902075e-06
105876	www.total-tranquillity.co.uk	nonspam	2.908825038237281e-06
105877	www.total-websight.co.uk	nonspam	6.596420089323624e-06
105926	www.totaltransformation.co.uk	nonspam	3.2341736108970156e-06
106022	www.towergate.co.uk	nonspam	5.323560389077079e-06
106132	www.tqre.co.uk	nonspam	5.764197948807573e-06
106238	www.traffordcentre.co.uk	nonspam	1.665788950886191e-05
106306	www.trampoline.co.uk	nonspam	4.422065310858503e-06
106328	www.transair.co.uk	nonspam	1.3631258949165535e-05
106528	www.trebah-garden.co.uk	nonspam	1.3683409063079944e-05
106587	www.tregoydriding.co.uk	nonspam	2.9687096682991474e-06
106622	www.trendm.co.uk	nonspam	3.2843118901217006e-06
106741	www.trikeshop.co.uk	nonspam	4.6882149750301544e-06
106865	www.trouthotel.co.uk	nonspam	4.413107160254655e-06
106914	www.truprint.co.uk	nonspam	2.9046040642743976e-06
106962	www.tshirt.co.uk	nonspam	2.7458579251888113e-06
107047	www.tudor-rose-antiques.co.uk	nonspam	8.458674011514206e-06
107081	www.tulliehouse.co.uk	nonspam	1.8314686790031385e-05
107234	www.twarchers.co.uk	nonspam	2.7019028269291005e-06
107244	www.tweedvalleyguides.co.uk	spam	4.014418101075243e-06
107288	www.twjc.co.uk	nonspam	3.0086725381258824e-06
107319	www.twp-designs.co.uk	nonspam	9.660269239652312e-06
107414	www.tyrrellspotatochips.co.uk	nonspam	8.425477578616737e-06
107507	www.ufhhypnotics.co.uk	nonspam	5.873162169764939e-06
107550	www.uk-chauffeur-hire.co.uk	nonspam	2.917538713424616e-06
107576	www.uk-footballclubsdirectory.co.uk	spam	2.977787295320718e-06
107590	www.uk-infocus.co.uk	spam	3.2126856569839035e-06
107610	www.uk-menshealthdirectory.co.uk	spam	3.7003714721448367e-06
107614	www.uk-mistress.co.uk	nonspam	1.3679342440224987e-05
107646	www.uk-shoponline.co.uk	spam	1.786743108040431e-05
107733	www.ukcontractsgb.co.uk	nonspam	2.764417462498113e-06
107923	www.uksflorists.co.uk	nonspam	4.849933261311588e-06
108000	www.ulbsterarmshotel.co.uk	nonspam	2.7589875740114047e-06
108464	www.usedbooksearch.co.uk	nonspam	5.17930273874681e-06
108527	www.uttoxeteradvertiser.co.uk	nonspam	3.6287344117128452e-06
108605	www.validateuk.co.uk	nonspam	8.740946350909015e-06
108752	www.vector7.co.uk	nonspam	2.1572654728144814e-05
108803	www.velnetdesigns.co.uk	spam	4.461899302087623e-06
108840	www.venuemasters.co.uk	nonspam	5.4606648130331734e-06
109023	www.victorycharters.co.uk	nonspam	2.7144905174899156e-06
109158	www.vincipark.co.uk	nonspam	3.5970432030229916e-06
109219	www.vip-girls.co.uk	nonspam	3.873702601438222e-06
109295	www.virtualviewing.co.uk	nonspam	7.104294649013681e-06
109335	www.visit-gloucestershire.co.uk	nonspam	5.847476212488809e-06
109345	www.visitbristol.co.uk	nonspam	4.642277284806088e-05
109659	www.vyrnwy-accommodation.co.uk	nonspam	3.744835719435579e-06
109665	www.w-co.co.uk	nonspam	6.988145280309314e-06
109703	www.wadebridgetownfc.co.uk	nonspam	4.1344259421296935e-06
109740	www.wakefield-aikido.co.uk	nonspam	4.5513593532958445e-06
109955	www.walton-chasers.co.uk	nonspam	4.694970223825028e-06
110201	www.waterbirth.co.uk	nonspam	3.178056038603248e-06
110251	www.waterpointservices.co.uk	nonspam	2.760126661720722e-06
110463	www.wdcs.co.uk	nonspam	2.9560284166336534e-06
110575	www.web4marketing.co.uk	nonspam	6.80081133153987e-06
110835	www.weeedirective.co.uk	nonspam	4.758104157804234e-06
111400	www.westraak.co.uk	nonspam	2.853049153814637e-06
111401	www.westray-orkney.co.uk	nonspam	4.096903902579916e-06
111502	www.weymouthlifeguards.co.uk	nonspam	2.790646417119298e-06
111767	www.whitelodgefarmcottages.co.uk	nonspam	4.1830704954744935e-06
111883	www.whtimes.co.uk	nonspam	3.560622809659838e-06
111960	www.wight-equestrian.co.uk	nonspam	3.013584316740586e-06
111982	www.wilburyschool.co.uk	nonspam	3.1387074552764586e-06
111994	www.wild-trevigue.co.uk	nonspam	3.270741438945169e-06
112025	www.wildfrench.co.uk	nonspam	5.01878988312505e-06
112176	www.willowssportscentre.co.uk	nonspam	9.155588853180548e-06
112182	www.willowtreecrafts.co.uk	nonspam	4.813034932628367e-06
112432	www.winhall.co.uk	nonspam	4.654301859773934e-06
112491	www.wirksworthfestival.co.uk	nonspam	3.1597732977189156e-06
112514	www.wisbech-standard.co.uk	spam	2.9443856939124406e-06
112666	www.wmsafetycameras.co.uk	nonspam	4.270655521795955e-06
112737	www.wolverhampton-escorts-uk.co.uk	spam	3.455415959586084e-06
112847	www.woodenheartltd.co.uk	nonspam	4.77317471706215e-06
112919	www.woodlandyurts.co.uk	nonspam	3.138738688826847e-06
113211	www.wow-gifts.co.uk	nonspam	3.7693085425448856e-06
113356	www.wsgreyhound.co.uk	nonspam	1.1464391044304567e-05
113446	www.wwwescort.co.uk	nonspam	4.857598382284282e-06
113474	www.wycombeswan.co.uk	nonspam	6.7402017453944295e-06
113489	www.wyetec.co.uk	nonspam	5.720425564873779e-06
113520	www.wyndhamparklodge.co.uk	nonspam	6.390069676527836e-06
113540	www.wytonband.co.uk	nonspam	5.231599883331323e-06
113691	www.yamaha-offroad-experience.co.uk	nonspam	5.867456818862184e-06
113783	www.yellowjersey.co.uk	nonspam	1.6964323536846066e-05
113801	www.yeos-farm-exeter.co.uk	nonspam	3.0205257954399407e-06
113812	www.yesl.co.uk	nonspam	2.0136411998366628e-05
114206	www.zdnet.co.uk	nonspam	2.023484731122899e-05
114351	www.zurich.co.uk	nonspam	2.2205959315598477e-05
114420	www2.thisisthenortheast.co.uk	nonspam	8.796374607151499e-06
